{"cameraMode":{"drawMode":0,"name":"Shaded","section":"Shading Mode"},"sceneLighting":false,"audioPlay":false,"sceneViewState":{"m_AlwaysRefresh":false,"showFog":true,"showSkybox":false,"showFlares":true,"showImageEffects":true,"showParticleSystems":true,"showVisualEffectGraphs":true,"m_FxEnabled":true},"in2DMode":false,"pivot":{"x":0.9844667911529541,"y":0.8894748091697693,"z":-0.6206074953079224},"rotation":{"x":0.18355542421340943,"y":-0.6171740293502808,"z":0.1510324627161026,"w":0.7500748634338379},"size":1.1296896934509278,"orthographic":false}